,J,T,s_jt,x_jt,z_jt,p_jt
0,1,1,0.005143045830142336,1.3072723393415462,0.782959262912311,8.301986209481102
1,1,2,0.007731974835292507,0.9252393952763123,0.16906621939099697,7.81488755826078
2,1,3,0.006013468031045201,0.8227391052247786,0.04224483666931689,6.464637598093557
3,1,4,0.013769755338877285,0.7144392146271954,0.12590645857494853,7.268608602531218
4,1,5,0.02200435263380517,1.9687785780434015,1.4562613324638465,8.141800981591397
5,1,6,0.005189957042629991,0.6328265289591928,1.9007355029131927,12.781726825958849
6,1,7,0.06647963453539324,1.2342759026081846,0.44151233776891874,6.085148389899746
7,1,8,0.14740119312855574,1.5879691969737135,1.4463782841121493,5.354221467886959
8,1,9,0.0023157768259338724,0.10943467542287788,0.9129670788142319,4.751287759930094
9,1,10,0.0005222608949712102,0.26870962325369097,2.2133434558957275,7.701963466964131
10,1,11,0.014174628056734176,0.9909173749199721,1.2905720478752296,7.25080841503232
11,1,12,0.07486871705705656,1.5356304246175547,1.2303918669098075,7.555419852755078
12,1,13,0.0070351344989352015,0.48539482794492117,1.3379677104802203,6.527838747670967
13,1,14,0.11925899307972522,0.2702080215205518,1.5578187150023786,3.981770503836241
14,1,15,0.02074864947864023,1.2617478311423367,0.6693052671569182,7.934701882414055
15,1,16,0.045099992474005444,1.2973523625750603,1.4338221346500597,6.91269313235074
16,1,17,0.02582657503574694,1.5371381526414694,1.1344401849153414,6.684449081881582
17,1,18,0.808571356198748,2.5021182305166096,0.755520091690647,3.726856902409692
18,1,19,0.24974360016532468,0.7514912991816549,0.46309109623898126,4.8340394225011805
19,1,20,0.006740936720723383,1.4922289780687534,1.5315876112539741,9.443873041553443
20,1,21,0.02692322507777306,1.1488281071029247,0.3674911533867683,8.701455159680364
21,1,22,0.008647274376696636,1.5823291030460531,1.0090193221015529,10.703728236332246
22,1,23,0.014047446764227221,1.1951120276149911,1.2938216980084576,11.419253162087761
23,1,24,0.0020858432467839244,0.1734608225101021,1.4828959140610354,11.842231737277874
24,1,25,0.03196900037238238,2.2664819232105238,1.3913570286198211,9.084132188968734
25,1,26,0.014769240132666346,0.632541508914011,0.7440910930833329,5.658471786876892
26,1,27,0.006916712995592932,0.8599050965448697,1.5422788150465134,7.391237681382787
27,1,28,0.004594662894038019,1.1313839684651879,0.8795094972001708,9.001994393350529
28,1,29,0.008744070637746923,0.7119999732841577,1.1471418171354621,11.623459992044918
29,1,30,0.051467923713149434,2.0959928902815164,0.5520007948082284,5.449025651957198
30,1,31,0.004657711383491763,0.23983577090487695,0.7195857278886153,5.130060926589983
31,1,32,0.04787626277587016,1.468757879759844,0.834966855474857,3.3867479335563653
32,1,33,0.24025921610980516,1.3121366345977261,0.8311755286171293,5.614258451580592
33,1,34,0.08312114096496322,1.7492888121830674,0.6049503837501593,9.189805045633992
34,1,35,0.001303728731641054,0.19616956066026425,0.5154720111501045,9.079697553874855
35,1,36,0.01589926236709085,1.162927413186701,0.8610966026524035,6.988597301528844
36,1,37,0.009210106284567154,1.5471370963989566,1.588227183898875,8.713265943676232
37,1,38,0.038655036982941954,0.39203584952538484,0.8607648333997112,4.668637296799398
38,1,39,0.0008211594142809245,0.7846370759424244,1.685158670456008,9.901641964539879
39,1,40,0.01175120111082205,0.21723080588960053,1.2926050480395326,5.957991544572582
40,1,41,0.0036838434365171844,0.23483522566348036,0.8221184531817238,7.4637918336115225
41,1,42,0.04505764134815466,0.9752690685198856,0.9161606148161444,5.8085788175705675
42,1,43,0.0032298690672974925,0.6596000205078547,1.3468300569673581,11.776067328909399
43,1,44,0.023006700107666346,1.210941909009521,1.2482238976956705,4.717926407665871
44,1,45,0.02569508209879543,0.9854906886453335,0.8750434464022425,5.080993692358885
45,1,46,0.03317629726733331,1.0199547120134518,1.2794676357582475,9.077025079521814
46,1,47,0.03962627891403807,0.45009356780121623,0.7407090470246442,5.5738188417279
47,1,48,0.011310529705120793,1.7188259249752584,0.6765526958782233,9.32655623150346
48,1,49,0.0016939261938324094,0.8208262190593562,1.511022771280432,11.46010712037538
49,1,50,0.1667658007705255,1.426444554480877,1.5107294770278574,5.988553684046006
50,2,1,0.01479428037426051,1.1412991734552662,0.8987298175540875,7.897865616142629
51,2,2,0.07634494642166546,1.1433237035269022,1.3558324959412127,7.083212812543142
52,2,3,0.005939148575710314,0.04189693662129412,1.3501121496131456,6.699087616232279
53,2,4,0.01710757306143906,0.9699861019269232,1.2733893287177123,7.701286333670604
54,2,5,0.012513685192805149,0.7187206528766881,1.715378325506867,8.148224657454405
55,2,6,0.03033321419597146,0.8578083173756336,0.6495568637313278,7.5581907992264075
56,2,7,0.004019214718305404,0.3357195920241196,0.5950372017308682,11.074792677084922
57,2,8,0.09967010923528434,1.0559742370268745,1.0201488869947632,5.168182636354791
58,2,9,0.011118121635385145,0.6491034871815418,0.5207393849335822,7.489960389456317
59,2,10,0.006855600232186678,1.0054669772892393,1.173876086964951,7.256491107577213
60,2,11,0.07425319258655591,1.4571244646047337,0.6440599163199021,7.052876856713342
61,2,12,0.04359992892421258,0.8558873932194939,1.1113610424980143,7.53693481166213
62,2,13,0.0075056176362369624,1.1493363184570498,1.3705198630134023,8.220931576476783
63,2,14,0.05107079882394214,0.6415947078594992,0.621522981172677,3.9885485768791877
64,2,15,0.017832234011992916,1.1902554161235515,1.7591587553457249,9.755016690542544
65,2,16,0.24286524858637096,1.9514526306808824,0.27988483726439806,8.314726161086703
66,2,17,0.012718274823560515,1.3302489672395914,0.8232010756000346,9.155008796847905
67,2,18,0.0021159190398909945,1.469943595913812,0.9592877708971116,9.341029893715135
68,2,19,0.0945359878517446,0.5807511640233278,1.2054460418919437,5.896905139524478
69,2,20,0.008995856818885838,0.6371484717237268,1.2272511163642734,6.705725741740973
70,2,21,0.006640551929554004,0.06432754253460282,0.8256484799947569,6.5660440519864585
71,2,22,0.19773498422668986,1.7293649720085214,0.9163907591593774,8.08070489540826
72,2,23,0.006492532064332385,0.9071678122097094,0.7420619809584543,8.764632453561635
73,2,24,0.0028478672530706153,0.5661256103267369,1.688902495454919,10.094478173797595
74,2,25,0.03240988032785942,1.5210325854195597,0.9484437055163243,9.84307621780053
75,2,26,0.006120215216988646,1.0784746455943413,0.5538730729055701,6.402194638619131
76,2,27,0.6803850551570331,1.2007922823770112,0.5469124955362377,2.015770803677306
77,2,28,0.02189372640169803,2.0915600886412857,0.49586802701671095,9.232358267944896
78,2,29,0.030246352731991142,1.7940914952732832,1.345577652451728,11.92272827881615
79,2,30,0.015967120298781348,1.5422466114054587,1.1389207741474965,4.554515879236788
80,2,31,0.130741108462359,2.350383498656706,0.3826373506510875,6.126332902448334
81,2,32,0.0007047106978253957,0.1178972194602661,0.3377562052714973,8.808012943348102
82,2,33,0.05921743970400226,2.348627299124527,-0.16021446316674348,7.692514754463987
83,2,34,0.09180395717447998,0.5678270703565834,0.40626920952572687,3.2996021496086865
84,2,35,0.14180163942442173,1.2572385607454655,0.598520191943533,4.480407053161752
85,2,36,0.008385991133246007,0.3720747574154376,1.391960536536363,7.369435047296534
86,2,37,0.012114399303737243,0.26753282223778374,0.9528716028777187,8.811195144209865
87,2,38,0.06703256930611479,1.1889651145724969,1.4030484025524768,8.053225686261607
88,2,39,0.6580767871954818,1.2716047767532623,0.09182119841976633,2.048715613186821
89,2,40,0.14989169154010382,0.5759495015113056,0.10620237246029407,3.3888009383307485
90,2,41,0.01329163223596187,0.5962259830148215,1.1359548928635081,5.968011688818111
91,2,42,0.1454043842406155,0.24572390629390595,0.9276378000346776,4.18757642655714
92,2,43,0.0008856922247840211,0.8139943058645129,1.425740482466519,8.635855030753518
93,2,44,0.00907083478646251,0.5756284368553166,0.6836459016487131,5.238785073431515
94,2,45,0.008495804580984053,0.798568357470177,0.7520149588985435,6.98179099986659
95,2,46,0.002750617425997633,0.38750240385395684,1.9741382397533433,10.052943875650024
96,2,47,0.01808623114090343,0.5183535903152856,0.1833285940135767,6.865078139678928
97,2,48,0.38873227756721906,0.6158345509670208,0.9419410345619895,3.3610970492832943
98,2,49,0.0032783536965020595,1.2733734538094876,1.5342855962648687,8.613158974960205
99,2,50,0.005772960889528803,0.11069831658391227,1.1327155627009626,6.006794247477092
100,3,1,0.014396989018264974,0.8448647293825777,1.5798085212549906,9.106156284280583
101,3,2,0.0005162649903724667,0.7379208202866185,1.1376247057918505,8.977020017167117
102,3,3,0.39104342838899325,1.0044888863038839,0.3581431594176686,4.083945193788713
103,3,4,0.10702884944652685,0.31568941875306533,0.2572071323389429,4.3727378811928705
104,3,5,0.010375042084808776,0.9842453038509426,0.7994876091596049,8.701270270777266
105,3,6,0.009043567269136393,1.156260211298365,1.044352474729277,9.313891431146942
106,3,7,0.04028807696684154,0.6461483577338838,0.9622498975732019,4.453319304027333
107,3,8,0.016612806611994095,0.7314145345981391,0.5790266829950984,7.789753724018766
108,3,9,0.015172787482024953,1.350510216361398,1.6560367134872527,10.153746819472032
109,3,10,0.16433977505080175,1.281258587140037,0.5427902504930335,3.132840225599524
110,3,11,0.2931373930278279,0.982403441070548,0.4419345207543549,4.408769936348298
111,3,12,0.021295199880185495,0.7616964375710679,0.6040768525163813,6.327066626182336
112,3,13,0.0037725687668230482,0.1056225092581341,0.7896992871494446,6.937846772714271
113,3,14,0.037867191288482586,0.8535721796435191,0.8767288401100859,5.1887001610358805
114,3,15,0.0013933440080171255,0.4204103352219213,1.216207241006764,8.324061456974938
115,3,16,0.18573883803186053,1.243188472501473,0.5503607357005187,5.306168222409632
116,3,17,0.362720515204883,1.0956179645340498,0.7873427676638763,5.2627190356720615
117,3,18,0.0052401705663036365,0.9281584758937551,0.9620938699683096,5.840679326453817
118,3,19,0.04261602375981848,1.9012484813020325,1.9908884237319742,6.759909454922065
119,3,20,0.014654401270148746,0.6640751601718724,1.3481771984283422,12.577801542453157
120,3,21,0.007896198950406889,0.556966332616667,1.5961293742094194,6.262161487563807
121,3,22,0.012067806018542853,1.5445116546601632,0.667121860011775,7.6703775886253105
122,3,23,0.2510738971502848,1.1578032046813755,0.9178784965144688,5.623368060663841
123,3,24,0.04213350072075817,0.11142467107903387,0.6898758029642398,6.9605863696562515
124,3,25,0.0008515889920132034,0.06829841705914563,1.28351985926733,8.004568973980737
125,3,26,0.012967605178402298,1.1614568654271098,1.7104953176313566,8.10814066434601
126,3,27,0.027824773510921358,2.20785859184622,0.7557199595312523,7.764567497130568
127,3,28,0.42035260166319843,2.630363754379978,0.9721117650726224,5.60602349276979
128,3,29,0.012349450613092556,0.6623066442629096,-0.30308956739561754,7.9931536387142526
129,3,30,0.022209280734600337,0.44461202021016943,1.5422041628676082,9.753278285415647
130,3,31,0.2009617875574828,1.8453288620280763,0.5383669410589407,4.701200189532921
131,3,32,0.7459862807727052,2.475971467326609,-0.22889825586106216,4.683459103669106
132,3,33,0.0029482625835656052,0.4452683950355524,0.44827932813947546,7.34197859045786
133,3,34,0.006179252173062835,1.3965045022802327,0.8660035138711404,10.126950054903572
134,3,35,0.012013908659568553,0.653206101270151,1.1227917263644824,9.723199103842692
135,3,36,0.00937246348802341,0.9460329048989334,1.3804615150803272,7.720599225759434
136,3,37,0.002811072954931521,0.08847641149423247,0.6086384065081758,8.75405261645348
137,3,38,0.013226378742690212,0.796284356572484,0.598219242396012,8.357475962111312
138,3,39,0.041583024522220485,1.087291235467568,-0.010936909523371563,5.501032993029734
139,3,40,0.01846180138826131,1.859579319546894,0.8743393655940268,6.34050534367329
140,3,41,0.3460189635966524,-0.29939272354870816,-0.24071081715861342,2.1222295213503184
141,3,42,0.05400823000643939,0.22509624937573314,0.743812610146738,7.477944179500781
142,3,43,0.0018693435867779187,0.15717162906016469,1.0757554825124187,5.818798521376208
143,3,44,0.027550959827621846,1.0581068922670336,0.656881396822848,8.483302332683026
144,3,45,0.006548624620828591,1.3645496511437119,1.3752705490497759,8.395531525005655
145,3,46,0.07875741906702136,1.5529268745020952,0.8571374280827944,9.564716858348284
146,3,47,0.6668129533612013,1.8277543588947456,0.9857038569491072,3.0812138328915335
147,3,48,0.05976736063134351,1.2684834904767466,1.0256673118342285,5.910834894366131
148,3,49,0.0064450204395434104,0.9029862724163443,1.6574188779267323,9.813858436852863
149,3,50,0.004928741946687555,1.3457342265698802,1.6600129877378813,7.856523265756822
150,4,1,0.04177112144298131,1.0450714760027005,0.4337628270397518,3.7520420647887436
151,4,2,0.04953804817128136,0.8638062989625848,0.5280232068797078,7.0815948438656235
152,4,3,0.000692335767185606,0.32391166261424464,0.3948565321245935,8.60396996620352
153,4,4,0.02134466193812232,1.4054673487242049,1.043463046518054,10.326972850210474
154,4,5,0.28749984419100627,0.5818757792851068,-0.011008257694388845,2.930208378159707
155,4,6,0.002815662442344868,0.10289928859906605,1.7100377466529713,10.598597990104823
156,4,7,0.004754392595162365,1.0141316383749779,1.3880710352794385,4.947986853950566
157,4,8,0.18051057014762825,2.0278788240383196,1.20058693651257,4.91557827993992
158,4,9,0.0024228716611770047,1.1816471384984324,1.516321928581782,11.356790586123646
159,4,10,0.000996249417719978,0.37292036032220244,0.924469252746842,9.572965236565206
160,4,11,0.011235346650942056,1.2254575611146519,1.6053689815839545,5.66882434984371
161,4,12,0.01146272330375055,0.16777858352447472,0.7125416390450992,5.117153638467785
162,4,13,0.017427181084671728,1.5532416003326466,1.023145297272432,8.70907139657439
163,4,14,0.004120165027543676,0.134841174754888,1.472578048341342,8.17731570999869
164,4,15,0.44098506395996495,1.2251879463404842,0.7267765462021075,3.5310378438364847
165,4,16,0.0010120516897674215,0.29205381735942937,1.1765667673168432,7.536258966972659
166,4,17,0.0690307212497342,1.0109384991236119,0.4879933557226449,6.037790590705928
167,4,18,0.007881753785141958,1.2875388144304132,1.5415892131978617,10.104047533258107
168,4,19,0.008540506145155016,0.6582996496504552,1.4682012787256224,10.525046834465746
169,4,20,0.03151958078592236,0.8650305398946693,0.8412917018381565,5.434335496465852
170,4,21,0.15402062566941072,1.0644338967576055,0.4426906358337622,5.409069537014829
171,4,22,0.02603187087622602,1.8134736163604546,1.4801540086273475,7.916439633079807
172,4,23,0.011300557710347632,0.6240606175375224,1.970572648347427,6.417813600636417
173,4,24,0.07800718236682758,1.0697423310843446,0.806336202554639,7.778949879131213
174,4,25,0.006329780453384652,1.1079425414825492,1.8780595798132314,9.917939445180455
175,4,26,0.0014973207584765911,0.9755856613060999,0.6584652816025034,8.317212324930175
176,4,27,0.008038189906758175,0.7043555935452126,0.3618006579413158,4.630310948429374
177,4,28,0.007680846121014413,0.922403856171942,0.9351119504318652,6.136151991222467
178,4,29,0.0008475670475988368,1.0249649730148904,1.8649031160176355,8.188795760518788
179,4,30,0.015956259258461735,1.059051756599995,1.2630133353963056,7.544596185301635
180,4,31,0.08918193636192533,0.9120246953981963,0.4272527564317521,5.148589085492663
181,4,32,0.0015389497304854275,1.0095125871273922,1.1093792392335025,8.884962695399333
182,4,33,0.0035272877050915867,0.4540887658360968,1.9802242096633569,7.654299201796428
183,4,34,0.019092102071558342,1.417081806730426,1.9750019242549097,10.78376232989885
184,4,35,0.008197585485376656,0.4311818025675842,1.2193382303113847,10.290294327811466
185,4,36,0.00823134753869583,0.9216600344746655,0.923672141390176,7.963949085143673
186,4,37,0.2648526526775325,0.9197147940280581,0.9900155161811937,5.618128506107807
187,4,38,0.04942941809849791,0.8570259479146947,1.0939132447605835,7.362105491909314
188,4,39,0.04626916308853528,0.5716232095989271,1.4661884462830082,3.9359554725897827
189,4,40,0.005949624142484561,0.5084398576139665,1.1936285720080684,12.101474542521451
190,4,41,0.001607006863378432,1.022310141692703,0.7372596135323567,10.218787269737263
191,4,42,0.02051450180628421,0.9667525363276667,1.2201045089578508,9.137893375607186
192,4,43,0.0042615394803107364,0.7132675738878574,0.8675759709054087,6.9634134064189785
193,4,44,0.014784523342574822,1.4341697531227906,1.8717219561086433,11.294284230859562
194,4,45,0.024118606149228297,1.9091633723731956,0.7670803913926263,8.145582489574245
195,4,46,0.01477342120832824,1.900970119493639,1.1005374588318206,8.244962840190821
196,4,47,0.00033244586782130874,0.24149647044219613,1.4593055120059826,6.471557684078714
197,4,48,0.04223506681689884,1.1907539279266415,0.6347886597329921,5.077271054340185
198,4,49,0.0040181173296761135,0.6125942250073579,0.8006430924338872,9.139648214524243
199,4,50,0.04327712325551032,1.411803161553486,1.0666936442551644,3.9277027697541933
200,5,1,0.0016131018605767685,0.6172847256144229,0.9677060758394137,8.841622783835065
201,5,2,0.18459361040633515,0.6868953350543963,0.1749394476841597,4.139414012574125
202,5,3,0.003546988289599803,1.3390763948823245,0.9019576385328484,8.426861160277547
203,5,4,0.007968584465949996,-0.3741168061971978,0.9653518467326322,7.244707411814037
204,5,5,0.02655190906128539,0.7612465050104025,1.2059042692320758,8.006104449173817
205,5,6,0.08475229287027516,1.6404156234276797,1.2226487955857854,8.471726772452252
206,5,7,0.6907856153336889,1.3111189150610674,0.8899702288349234,2.201694677328873
207,5,8,0.048580136974935545,1.2090309711462535,0.8884243375120581,6.291718527432853
208,5,9,0.061420727817859344,1.4805382060104724,0.6538082769308324,7.984738794991917
209,5,10,0.010451211217843828,0.6908480287854093,0.22453269373864204,6.790883932960863
210,5,11,0.01648834472054378,0.6290854791408076,0.751206866012956,6.812153803854175
211,5,12,0.01825727189243263,0.8662579859744757,1.2485022275004907,9.048446600160418
212,5,13,0.007156440622275973,0.4620997901864359,0.44283123054930984,7.159685728377661
213,5,14,0.14261746855392216,0.6232076223791908,0.5572702954801598,8.378048453097533
214,5,15,0.3650430939194482,1.617749482762603,-0.4495103189407732,2.775801049368884
215,5,16,0.1830796649910499,1.719064279378509,0.9055928559661015,5.622636903747633
216,5,17,0.15687334483808274,1.5573610495135832,0.9651277031690425,7.078628840817035
217,5,18,0.012054971311929438,1.5805708224255914,1.0887064514928806,8.74731337705979
218,5,19,0.18738691870791768,1.290082030130358,0.3287691619230825,5.900003419435401
219,5,20,0.03192091173306827,1.8434831942821486,0.6858509395821843,6.437703703588975
220,5,21,0.14792813323617313,1.4370316547889765,1.0120248622777004,5.427181518947554
221,5,22,0.022930399011112407,-0.025153794369043414,1.4210723860034862,8.553549853709061
222,5,23,0.01749641801273382,0.4223134413074284,1.1556430541049638,9.551678112092901
223,5,24,0.004186900898020253,1.6697135689887213,1.8022502712196427,9.042957315493974
224,5,25,0.03662222712231065,0.7838832341221026,0.9212828584398297,6.255000669645291
225,5,26,0.011357261622967987,1.149683612082188,0.3342558240734559,6.851907492719451
226,5,27,0.013253807068030346,1.743001324502071,1.1427958958469122,4.555431779382321
227,5,28,0.005015720058017126,0.8933281779831802,0.8918797123911745,6.076858896016093
228,5,29,0.00448776121782295,0.46829431259978727,0.8495413617178322,7.198822156453415
229,5,30,0.007467410187817023,1.0736712194505464,0.5318638573509649,5.86875125968991
230,5,31,0.006089161999160998,0.7065661959691738,1.4260213009037905,13.581818862848687
231,5,32,0.002479060171427379,0.6739204752399494,0.7268289801592978,6.364747909512534
232,5,33,0.023807464769122724,1.0619637750217445,0.9707879911186766,7.931979330878077
233,5,34,0.17393705759973,1.1080263216642912,0.0029794352269273405,6.934582255437642
234,5,35,0.049190829270487055,1.122326426696932,1.0452734336805072,6.946609130445808
235,5,36,0.008742879750719424,1.0259338780384608,1.572327944091532,9.051841917096858
236,5,37,0.0653627562498636,1.3226267066506474,1.0543500229384961,4.265432438832363
237,5,38,0.08333446000181668,0.9779819290593668,1.4658875280902568,4.559513969754203
238,5,39,0.011678998743283401,0.48257032969329516,1.40085639972455,7.752468280690032
239,5,40,0.20584650196149606,1.1756665833528086,1.2618318821964054,3.930936041593611
240,5,41,0.16031798343598203,1.6029857444620315,1.3063711028617702,6.901220401411921
241,5,42,0.02226845803562079,0.28787481457581665,1.2399386496967135,5.166872138054645
242,5,43,0.004863746699033454,0.9449851031808372,0.6326292576123795,7.908131333942007
243,5,44,0.06552048829191467,1.0053456453514014,0.7005462599073993,3.6614790065548064
244,5,45,0.09420169865434738,0.8084988389034732,0.48966118926617697,7.27744561209722
245,5,46,0.025113683759768284,0.9225073194754603,0.8297438023130833,5.414296256462617
246,5,47,0.015503407766314797,0.9428224589883158,0.27988968792051894,5.887123015279507
247,5,48,0.010289119631641796,0.36536886293494,0.7588756022024273,5.281719493254225
248,5,49,0.027904129176856824,1.3406777394580855,1.2279350270387868,6.469662902101164
249,5,50,0.11734712676095858,2.0164444903778147,1.1632822261703832,4.722299591156341
250,6,1,0.012337948476087698,1.2910901178348022,1.5213709190197533,8.069289601263232
251,6,2,0.09979129299198737,1.0517077820524463,1.1359697518203786,6.602986774843286
252,6,3,0.0878705332210578,1.4021061107576895,0.820477572176965,4.493848253880898
253,6,4,0.08168723541245783,0.7462219725392304,1.2894046915015256,6.995339566428685
254,6,5,0.16250874745676827,0.5547935460652105,1.033179455176978,4.714390091770195
255,6,6,0.0729544385370645,1.4388714451327975,0.8949185819507388,6.772804908383894
256,6,7,0.057854058707366575,1.8627316012929769,0.6451263858076974,8.622105731996614
257,6,8,0.062324042829857276,1.1460718263657665,1.1121045457042067,7.670293897998714
258,6,9,0.3673565347283367,1.869876206542827,0.859891114000954,3.7322268573862925
259,6,10,0.0022875933796440216,1.1135743515700276,2.0107717664759965,10.476353818722712
260,6,11,0.01794046529596053,0.7298048710877783,0.614221892750535,5.637946043662957
261,6,12,0.0028407335868632006,0.39511506428772447,1.84970184902603,6.1698422211919155
262,6,13,0.3948740570123328,1.219590802793994,0.7932396069232077,2.7590601299807807
263,6,14,0.004304593967383612,0.19112375318692743,2.3064965695897444,10.075618497913785
264,6,15,0.032668651781048,1.477862014920383,0.7078819140178327,7.781694831289771
265,6,16,0.007451773669356666,0.788214054513187,0.6774473767771989,7.839715967564016
266,6,17,0.023381612613608105,1.7757780066817404,0.9577307815522074,6.770942178407927
267,6,18,0.006429605571715564,0.8314354194233653,1.127741298570255,6.716045566731601
268,6,19,0.005458895157715856,0.8554792478020987,0.5998596524480149,6.3364297201392805
269,6,20,0.0013218796642148734,1.1340681820913674,0.8733228842479002,9.67293169443767
270,6,21,0.006295944431336555,0.4673348412228878,1.5559792086429176,8.457398724296729
271,6,22,0.021913400066399535,1.2317871796082298,1.8484047442134992,9.336729635097964
272,6,23,0.025870864944854695,1.0303607514750135,1.5098821055753122,5.768828462698526
273,6,24,0.019270338599146116,1.0557393111271443,0.7425887383141673,6.710306593767555
274,6,25,0.04640237653648686,0.6924350236447229,0.6614891158565571,7.6395744593667425
275,6,26,0.01563478320397873,1.6134951511796203,0.6525173658440766,7.5830428009999675
276,6,27,0.0013187161104128134,0.17970917855969204,2.1017587176357297,6.144714204246796
277,6,28,0.3090895648400971,1.617888488744712,0.9537368009518984,3.8472568392663464
278,6,29,0.7366589482000485,1.355022367873529,0.841249109863613,4.340728218023374
279,6,30,0.6259988104959526,1.021557122836465,0.8203664010043883,3.7698439431637807
280,6,31,0.01797321577142792,1.2161607569398798,0.9009254499156156,7.029949364905531
281,6,32,0.0418722076643797,1.8304606257535205,1.199823134071011,5.794673621913488
282,6,33,0.009834364868979687,0.6746920486285402,1.4818096661122013,7.910453587200755
283,6,34,0.03876599876748327,1.3262540954748567,0.5510182813290394,6.219075686168691
284,6,35,0.014477626325769894,1.0270583954860788,1.1988171251630129,7.965098868481775
285,6,36,0.6911885784989041,1.016695456753002,0.24324304145910158,2.0796099101104644
286,6,37,0.06950055551137206,1.4516927163452946,1.076263274815105,9.0003472239348
287,6,38,0.028325213237200338,1.3104825948708485,0.9549608774941588,9.00954584525342
288,6,39,0.03017858795199284,1.1476836717499945,1.1589152606043853,6.314906036278247
289,6,40,0.014301857605887584,0.9475534865642832,0.8252062887976563,12.272869824693743
290,6,41,0.05864996486330795,1.0850467260428154,1.4167627396217943,8.600322517581644
291,6,42,0.017901967317801297,1.2281615602684974,1.0196852021012761,7.8371012888054805
292,6,43,0.006503539308779041,1.1071200724371781,1.1526227031461653,5.444523731422067
293,6,44,0.105813255814072,1.1881992333679212,1.198440723772218,5.378035382423237
294,6,45,0.005909739433627166,0.6216236154989527,0.8183327046207926,8.046146864021804
295,6,46,0.00813904593896764,1.863115365241356,1.9444647782774203,11.392378119410171
296,6,47,0.037760664428538995,1.085914002120445,0.8141484465886302,4.195892968104825
297,6,48,0.07791433462596266,1.3783294543462103,0.3954606440318079,6.156565525829103
298,6,49,0.05578466003913439,1.0663116174905702,1.156708704944408,8.049302614184896
299,6,50,0.017532455590340494,1.6345238235392991,0.881939337270317,7.949660710760801
300,7,1,0.007978388354154552,0.708058949556682,0.9617323660210457,5.908196983608863
301,7,2,0.050901217150465014,0.8565050662557555,1.3778066429765023,8.437670001929032
302,7,3,0.050763702583038375,1.5662683755121254,1.3351798380829925,9.145319417852193
303,7,4,0.11206939043736902,1.7763920632073484,1.540667321669618,8.108472740745793
304,7,5,0.07371512409427121,1.3618081416660497,1.7012528202356254,5.118146245201641
305,7,6,0.008626629507820767,0.5598235636508939,1.6182557130568407,9.074177303110051
306,7,7,0.007967242186653298,1.4845604205293361,1.1288253216817152,8.444799465436017
307,7,8,0.010856022167757093,0.6562973144060946,1.1676302708453992,7.9735428273249696
308,7,9,0.050207110315356164,1.071127780311311,1.2010124203623624,5.945678779240735
309,7,10,0.08614878148889399,1.3673469627235173,0.787322222506057,4.7319322789327956
310,7,11,0.08091333158509814,0.6631567390467912,0.35243601858408824,5.302222642468632
311,7,12,0.47594070084165246,1.143608320502566,0.3126817760967967,2.0642488172939477
312,7,13,0.0885904240433168,1.4655508354318332,1.3770781854886758,5.78167746285313
313,7,14,0.027993820480676126,1.2547972509608867,0.5402616672389386,7.260012034403666
314,7,15,0.006258763889379322,0.9905861016900168,0.9135514588619621,9.906500886010086
315,7,16,0.0019607894628775567,1.263074724471223,0.25652700004864326,9.600978929636671
316,7,17,0.01697976305653615,1.2566725064512472,1.0253833951712823,4.7816748674006355
317,7,18,0.012572356919610091,1.1294783166204363,1.1678037404405186,4.711290182244015
318,7,19,0.011421015992108917,1.4421100983970914,1.1727080940088808,7.14240909103794
319,7,20,0.8711246173394032,1.1159812722687472,0.33188887392891164,1.4055368923156308
320,7,21,0.07452469388345102,1.133039271169465,0.6984455632762514,4.9831377797799785
321,7,22,0.04382818234059159,0.705215781205125,0.9702501509549044,7.910776807979742
322,7,23,0.08143438523183169,0.9689530608046193,0.9524998484727142,6.143485778002266
323,7,24,0.3285512713610102,2.435853007334156,0.9562235883437307,6.737666871531844
324,7,25,0.08778336851571188,1.30968708769428,0.4819778826671295,8.611231271199724
325,7,26,0.8570962931493403,1.5630548306211278,-0.42419164325670766,1.8547866469507954
326,7,27,0.17893152566278755,1.2892210237845898,1.491468864607957,2.4722414591864617
327,7,28,0.021322490606365766,1.587772446123792,0.9586079261216985,7.80777645794383
328,7,29,0.004027701503310878,0.9962952997910456,1.4936459018641701,8.003381749560793
329,7,30,0.0804971462376837,0.6558214598628875,0.5707924099204866,2.326896827700234
330,7,31,0.007536611026950688,0.6884040716459746,1.0183012509998886,7.878455161819193
331,7,32,0.0013718837362201852,0.4521233905622283,1.692613975075151,7.865284909568017
332,7,33,0.17546459219810248,1.2340858546188724,0.9567836524151122,7.3027917849460176
333,7,34,0.003277107536207483,0.9584226357773697,1.052013141806251,10.596337278762714
334,7,35,0.00496108849702823,0.25514660981710213,0.9214082113597942,5.78221289722225
335,7,36,0.06985584632907708,1.4488668743978472,1.6259678833287445,4.109622890592611
336,7,37,0.002387072761901009,-0.3185377124485522,1.2991496128109579,8.400616708492775
337,7,38,0.11030620902452024,0.7890856823097615,0.33670750687097173,3.270238204735425
338,7,39,0.017846635296468655,0.473988582857633,0.4888550581034805,9.94705416072716
339,7,40,0.026114394586427985,1.6987599709996268,1.098717792180778,9.992778231107843
340,7,41,0.021799284779501077,0.6010980021932162,0.46150489838007624,10.586121158266316
341,7,42,0.012752227866502888,0.31730353194461947,1.5755490868090853,8.651810610156701
342,7,43,0.003177427666183881,0.4602231891420774,1.7613237580488637,8.808400690902145
343,7,44,0.03769323692973244,1.0965784392794224,1.393983088828713,4.9765401867496655
344,7,45,0.010850606692375855,1.7965949769010594,1.6557163922636704,5.962508818700069
345,7,46,0.14132660044141407,1.2784187134172775,0.7933723354502948,6.234149996708094
346,7,47,0.02984618440096953,1.8359834604473781,0.8469627804772701,4.7575845192973425
347,7,48,0.03162985177072762,0.6600331646258462,0.7316849125181941,5.7602938670007084
348,7,49,0.030857009073542257,1.4094639648459477,0.5045081731401726,8.596952233907857
349,7,50,0.30763298316327464,1.0762818248454415,0.9460837488969097,5.720543487838805
350,8,1,0.0026277331471100543,0.8305361887687817,1.519204181646706,10.689940382298197
351,8,2,0.010170124418439026,0.9441820086994417,0.5585050598812422,8.32975645355057
352,8,3,0.04494629855457935,1.1238132338316609,1.066506525895545,10.516620905577117
353,8,4,0.11249608101056655,1.02540394275319,1.2751515619226879,5.804230236473511
354,8,5,0.022274068218591517,1.3664915901892778,0.7979338171366609,9.372867127008
355,8,6,0.41263299462595,0.343116472529876,1.2059717997363941,3.6268062947463386
356,8,7,0.007114466787800698,0.3025432122574926,0.6431604143321179,5.033656382288039
357,8,8,0.013046872064160447,1.576496828635538,0.9986986615238442,7.913942160876788
358,8,9,0.006593956134027604,0.34113464892250167,0.5521974054896888,7.088995672704186
359,8,10,0.05502523460460332,1.6754283279472797,0.8117352187373255,9.200571295431507
360,8,11,0.1765738826855098,0.9675083576578755,0.43386842780051704,4.7847484271654075
361,8,12,0.02583352757569714,1.0738366823629988,1.489133150466207,6.633180575039159
362,8,13,0.2127649730906889,0.3660257706057245,1.0548857277577148,3.838415849846374
363,8,14,0.06401725694738349,1.596667475898291,0.9945817181253458,7.044916507054757
364,8,15,0.0024215140246695364,0.2645371231354683,0.42108072289484133,5.094770281921202
365,8,16,0.024093691867582437,1.4904917295872675,0.9666811852193071,7.821210340080871
366,8,17,3.679255866006123e-05,-1.0091015193973534,1.072417633779892,8.072296622329679
367,8,18,0.0065230752873938844,0.962706505765832,1.8939702697451322,11.735465194287247
368,8,19,0.004493284979716088,1.8827373260651523,1.0424467089283855,8.638952863432067
369,8,20,0.0009568730903419101,0.870126533305835,1.60123415749415,7.374331838394204
370,8,21,0.020088122062881658,1.1897394274474073,1.045097485405066,8.12301436232005
371,8,22,0.018859506449433055,1.6066412130788943,0.8976590998348548,6.079366066452942
372,8,23,0.01763457685470309,1.3880057357600935,1.0452259007903237,11.900604535501433
373,8,24,0.04190991686421763,1.310852824732501,1.2357115384342932,8.666080924677045
374,8,25,0.04635841392521763,0.5235995708798378,0.8703877130924651,6.457212503104373
375,8,26,0.0016943824322843248,0.5244327131052824,0.5892819881844727,6.590453764183664
376,8,27,0.015955330048492002,1.2780806456177622,1.2541207091115452,6.985035352436914
377,8,28,0.0005434740187661768,0.30851916699582493,1.8594656046188622,12.288852436998543
378,8,29,0.007150868267081558,0.8220843370626509,0.42702746677772596,5.759670816400629
379,8,30,0.006930314806109321,1.4180554712023978,1.943292969628663,12.012218186767868
380,8,31,0.0601207340990955,2.049235471083146,0.8424071769107524,8.10182233278297
381,8,32,0.02985537190650593,1.1793067598529843,1.0594874479147545,5.76469856897153
382,8,33,0.024412098229727324,1.0567093665476626,1.4029152837853511,5.901754822748424
383,8,34,0.0204137599298834,1.2990358758493312,1.3750488843789896,9.075211796468711
384,8,35,0.0013038084160006517,0.2702457839580995,1.9587876922864105,9.207439728169442
385,8,36,0.015608127456655197,0.9304938896215424,1.5350222655315529,9.259927585887482
386,8,37,0.04063271666671468,0.8195726668947986,0.5950591685330389,7.5275656451106885
387,8,38,0.018701747638873594,1.476728361228493,0.9027013442515646,7.5384345642458275
388,8,39,0.00842408993280144,0.4726749857245178,1.08422546588074,8.632351014919024
389,8,40,0.24577852367775346,2.080748956386868,1.6103472706333295,6.392348913413094
390,8,41,0.07255982153571217,1.6998248072221709,1.3560878909550018,6.3251367522682145
391,8,42,0.004477722805654112,1.155074073086478,1.4503240445734342,10.75602842955096
392,8,43,0.0016572299408046315,0.16196528358737106,0.8736014252951808,7.1208432606907115
393,8,44,0.040367001008725346,1.1798894220906881,0.8610289402369797,7.829299270869574
394,8,45,0.03473648818993998,1.9858805837472175,0.5239832193351804,7.489324806926605
395,8,46,0.002571765320178305,1.3186278139539416,2.5995929590225764,11.99072090991996
396,8,47,0.003317134838701031,0.458696716840612,1.0467833517631933,7.143326097773407
397,8,48,0.036824557947293064,1.177925523137969,0.8862493390218529,10.63019228811679
398,8,49,0.1086490031651957,1.4209123915545876,1.2933584915711391,6.95251557838659
399,8,50,0.05514040628601096,0.9705026014410404,0.5107192412035785,4.50380370233191
400,9,1,0.23206241105183048,1.07032433387317,0.5107825836815207,4.157971236649629
401,9,2,0.07742095165284624,1.5872790893271713,1.0770570339333805,7.7529576469763715
402,9,3,0.19712861817469204,0.4165034905887306,0.59117411363464,1.8215152187543753
403,9,4,0.03088343945870039,1.2442002913940886,1.9324119811612357,6.77279418627368
404,9,5,0.07752164312508447,1.5387237068744253,0.26848757223457553,6.413673322129353
405,9,6,0.006839014544720716,0.5738796390164722,1.7936266020230804,8.695014032488224
406,9,7,0.02049761743050256,0.7719804140240384,1.1615055826469636,7.184731321929336
407,9,8,0.009680242526285153,0.7064832566643041,1.0982393783734052,10.593088516269358
408,9,9,0.005023626608788272,0.11774427664184517,0.842043430249481,5.213509270144222
409,9,10,0.41071592032711407,1.8343195625376523,0.13679035630025038,4.112509204051037
410,9,11,0.003298955215061057,0.6153732944409263,-0.02974098852791318,6.04381696540124
411,9,12,0.0170425047416199,0.9849024804214285,0.9952084283516821,9.373513583967544
412,9,13,0.04087280678941195,1.3818795856438055,1.9780529238877653,6.8423059860295865
413,9,14,0.058957143171216655,0.4265912964247309,0.3114610886110698,6.4643761248380285
414,9,15,0.005680535953241799,0.806025579667896,1.2153404063863,8.965916226541157
415,9,16,0.0014354096940618604,1.2022918539729397,1.5928620352405685,8.798800152662647
416,9,17,0.031002057889640503,0.5783974507803697,0.07400733495292922,4.186088358456184
417,9,18,0.002357756656856536,0.04980407367475703,0.7704764322802141,10.498608338222269
418,9,19,0.013620928960150831,0.293540611599431,0.7173882455375105,5.7966102002210835
419,9,20,0.01203974762419695,1.3926348091338556,0.7306981761337892,7.589742415096475
420,9,21,0.027919805359354868,0.5704676602435441,1.0011128419495658,4.936118400849454
421,9,22,0.052820335677805814,1.1942161653159418,0.8620712037244767,6.446318852044406
422,9,23,0.037238906517378094,0.682134299264046,0.4623661087803328,7.099471674897541
423,9,24,0.07427553103846472,1.0122189860847197,0.12253966013572093,5.771562299778006
424,9,25,0.17416272843058556,0.7961799521531703,-0.5414157574538268,4.414923238559046
425,9,26,0.017592557427271407,0.9895696456019596,1.7073112704470406,8.569809827092552
426,9,27,0.009459018835214817,1.5839133754093655,1.5542746057296384,9.032320904210982
427,9,28,0.02725450752170975,1.8127222975800876,2.3585353069103583,10.360484699437011
428,9,29,0.0023392446894280575,1.434080668439027,1.736357765290593,10.035246033916945
429,9,30,0.0030146904895800683,0.4621948880146788,1.0411863623605244,8.602817079960616
430,9,31,0.007210680925865414,1.3331650567442548,1.8937362809557299,9.556060451263747
431,9,32,0.002295395252113138,0.5383878613497315,1.0828305929723798,9.81949476406699
432,9,33,0.02146895052183745,1.1690153321182728,0.9562215045312602,5.940532919071862
433,9,34,0.13622721748036115,1.221177178856983,0.38499505673688705,4.3258711181379415
434,9,35,0.06237452235350702,-0.1868552121019711,0.3974986881472441,2.99208227258378
435,9,36,0.03346599032969482,0.7596418196913299,1.1487994108312274,3.1865236359863465
436,9,37,0.048590710883158826,0.7074220568394243,0.9343646194209458,7.646881531926422
437,9,38,0.023263592500400696,0.6442277123294672,0.9725750836724166,5.553959643590922
438,9,39,0.023940446859371696,1.3609560800483937,1.051818315251116,6.263212533675964
439,9,40,0.028516937537704887,1.0183614648974582,0.6301204313515592,5.768934444114986
440,9,41,0.005093783508204232,1.0964557801145138,1.6031259891058336,10.869706677365587
441,9,42,0.0030705190074574694,0.4020049713656082,0.7317355200497417,8.265948836185142
442,9,43,0.004024917736424428,1.3126431132441043,1.2826258137980382,4.479415415274728
443,9,44,0.46020404160224326,1.1160569358110835,0.9948457093294355,3.4104631104264547
444,9,45,0.026137139866635007,1.3766447240019293,0.9337622028877121,5.444970917703641
445,9,46,0.11974775936145539,0.8931431567862168,0.7686166885008234,4.560309603028039
446,9,47,0.028534537052954993,1.197580441390955,1.0894640458591327,7.891187488645663
447,9,48,0.022950241676882054,1.0194681755561101,1.1077736465368078,8.814606928549642
448,9,49,0.22913425006187982,0.89069298680454,0.48140019594349426,3.7436273217301466
449,9,50,0.024573507328725385,1.7405839277734771,1.5481948810850394,9.542042463208377
450,10,1,0.38379827838673786,1.426454336984139,1.3631736365578306,6.263507507392697
451,10,2,0.018395860506507808,0.43385071935609276,0.9590100722460115,7.398142972766938
452,10,3,0.04567351706949718,1.3646068184416618,0.8387342656402667,6.2577430678366355
453,10,4,0.0101186585664721,0.8103906546245462,1.4580115997380612,10.100322777427317
454,10,5,0.006095531841937829,0.04778738123454007,0.8305056713643157,7.85793671041444
455,10,6,0.0242187409613107,1.2594526246392674,1.9712995781189235,6.9311487426844
456,10,7,0.009222695939180927,0.7079673960858263,0.9855040022543138,8.159116743366408
457,10,8,0.06656180043791488,1.315111834392779,-0.10552033229822988,7.604997616768711
458,10,9,0.22403398114389028,2.12259807793727,1.147179989113091,6.620952980103874
459,10,10,0.0947890073764918,0.43866167650205823,1.1194074925890383,6.141873625435771
460,10,11,0.01831255956634807,1.3479381809999869,1.0525033261833645,7.268534868245685
461,10,12,0.10501942503076402,1.4452023951583812,1.1343932394689478,4.257062832251797
462,10,13,0.00823699087962768,1.68608330250757,2.065766422612614,10.840953992189545
463,10,14,0.0036449620796792804,0.7961855245137481,1.4925516173181315,7.923208357394517
464,10,15,0.0015304794322763646,0.46173381906388766,0.3050417521868465,7.247609057189043
465,10,16,0.0013852356688573,0.8232382956133535,1.0520607081528526,7.651301989020939
466,10,17,0.001835895406708449,0.8739692158406285,1.4322950705255317,10.659855152846893
467,10,18,0.017136254541683018,1.483970559060526,0.9314939599700548,9.350955804292262
468,10,19,0.04572416108833062,1.4508021638423647,1.3333072475308818,8.695250010669266
469,10,20,0.002136307425551527,0.4902175675713928,1.2081840614806991,8.643129469378767
470,10,21,0.07865401448346099,1.5342943066337074,1.0094139602890935,5.836392868528636
471,10,22,0.051790958853038756,1.4209332749407244,1.1268171558954112,10.027951535921758
472,10,23,0.07490563916021584,1.0933528720980896,0.7793708265992274,7.1281965016661735
473,10,24,0.017589588666756077,1.4248151559201307,1.701818255331815,8.390987492162791
474,10,25,0.06007042322378298,1.5291195269707005,0.7055057170168708,7.742260487688959
475,10,26,0.03987561932467831,1.365013825869695,0.7938782477989293,4.369821426153082
476,10,27,0.002289418215401847,0.04896750717389098,0.9118543371443857,7.713060267486557
477,10,28,0.013020993901368428,1.7828139669431677,1.2902121316619966,6.913475661880434
478,10,29,0.005724275631285732,-0.2424329076189795,1.1775368054358255,8.416880503707118
479,10,30,0.015518547962077871,0.7558100080703626,0.31299440513787946,6.439349444527466
480,10,31,0.1932005350736033,1.4222534362926744,-0.2978618783090603,3.9541757957584602
481,10,32,0.03319997239308812,0.8834990399101116,1.4118641245092571,5.164895325181751
482,10,33,0.00844039949294405,0.8242609637686859,1.6893583569467294,10.893336252490137
483,10,34,0.02218489383798097,1.0566342145665393,1.2510026919101869,4.043286702756633
484,10,35,0.32913012666513963,1.8562265714536945,1.5206001514058587,5.307970058651128
485,10,36,0.03822172863532897,1.1017093564954177,0.9317792238247994,5.280955883609057
486,10,37,0.013997318375931343,1.1589476667686265,2.1168027371264166,11.14929098189743
487,10,38,0.0768588953796245,1.9365009248143614,1.5893917502508206,7.5289657925209355
488,10,39,0.04289981505924131,0.8716829573647549,0.18469474067859026,5.8342383711415176
489,10,40,0.001993326389976292,0.3856303833531176,1.4046400023386743,10.304094008098314
490,10,41,0.06724457031431376,1.5623558659087,0.44665126698749247,5.562682816128862
491,10,42,0.1891409005870709,1.7689322324567027,0.7913834481782875,7.3340537003461606
492,10,43,0.966621674868669,1.1117633108419864,0.08809788672984742,0.2313154910549038
493,10,44,0.007567368581327661,1.2583435326980619,1.759767096651849,7.341316119224626
494,10,45,0.7116794776650158,0.30471074647697405,0.40845720455576673,0.12902260258150733
495,10,46,0.09448134247402785,1.7806274791646035,1.5581710946215237,9.999419989006702
496,10,47,0.04428631344414232,1.2958206259942844,1.4798518523222701,5.171920202294934
497,10,48,0.01718794549021588,0.17324882313631673,0.4068509302550708,4.9728651758021245
498,10,49,0.11874814988822478,1.33173503006104,1.6083032529201882,9.027768168622254
499,10,50,0.0013504613815533415,1.0442547686917365,1.0600816380125164,9.06392213361734
